OGid	ppid	start	stop	label	active
#
002F	XP_034658954.1	202	517	0	True
002F	XP_034658954.1	517	1144	1	True
002F	XP_034658954.1	1144	1627	0	True
#
002F	XP_036671841.1	202	594	0	True
002F	XP_036671841.1	594	1144	1	True
002F	XP_036671841.1	1144	1627	0	True
#
002F	XP_034658954.1	3510	3567	1	True
#
004C	XP_033234586.1	0	2	0	True
004C	XP_033234586.1	2	75	1	True
004C	XP_033234586.1	75	139	0	True
#
004C	XP_043866354.1	0	49	0	True
004C	XP_043866354.1	49	75	1	True
004C	XP_043866354.1	75	139	0	True
#
004C	XP_022231224.2	84	201	0	True
004C	XP_039227316.1	84	201	0	True
#
004C	XP_017006025.2	245	336	0	True
#
004C	XP_033234586.1	954	1028	0	True
004C	XP_033234586.1	1028	1038	1	True
004C	XP_033234586.1	1038	1113	0	True
#
004C	XP_034142171.1	954	1020	0	True
004C	XP_034142171.1	1020	1039	1	True
004C	XP_034142171.1	1039	1113	0	True
#
004C	XP_043066830.1	1305	1360	0	True
004C	XP_043066830.1	1360	1382	1	True
004C	XP_043066830.1	1382	1549	0	True
#
004C	XP_032599474.1	1305	1498	0	True
004C	XP_032599474.1	1498	1520	1	True
004C	XP_032599474.1	1520	1549	0	True
#
004D	XP_017055909.1	0	2	0	True
004D	XP_017055909.1	2	39	1	True
004D	XP_017055909.1	39	47	0	False
004D	XP_017055909.1	47	76	1	True
004D	XP_017055909.1	76	84	0	False
004D	XP_017055909.1	84	128	1	True
004D	XP_017055909.1	128	139	0	True
004D	XP_017055909.1	139	151	1	True
004D	XP_017055909.1	151	382	0	True
004D	XP_017055909.1	382	585	1	True
004D	XP_017055909.1	585	603	0	True
004D	XP_017055909.1	603	665	1	True
004D	XP_017055909.1	665	692	0	True
#
004D	XP_026845438.1	0	2	0	True
004D	XP_026845438.1	2	19	1	True
004D	XP_026845438.1	19	57	0	True
004D	XP_026845438.1	57	128	1	True
004D	XP_026845438.1	128	139	0	True
004D	XP_026845438.1	139	383	1	True
004D	XP_026845438.1	383	603	0	True
004D	XP_026845438.1	603	665	1	True
004D	XP_026845438.1	665	692	0	True
#
0073	XP_039152604.1	0	15	0	True
0073	XP_039152604.1	15	49	1	True
0073	XP_039152604.1	49	220	0	True
0073	XP_039152604.1	220	268	1	True
0073	XP_039152604.1	268	324	0	True
#
0073	XP_039499946.1	0	15	0	True
0073	XP_039499946.1	15	49	1	True
0073	XP_039499946.1	49	225	0	True
0073	XP_039499946.1	225	279	1	True
0073	XP_039499946.1	279	324	0	True
#
0073	XP_020803699.1	289	324	0	True
0073	XP_043066082.1	289	324	0	True
#
0073	XP_026846676.1	1520	1861	0	True
0073	XP_026846676.1	1893	1927	0	True
0073	XP_026846676.1	2086	2124	0	True
0073	XP_026846676.1	2212	2232	0	True
#
0073	XP_039227120.1	1520	1861	0	True
0073	XP_039227120.1	1893	1927	0	True
0073	XP_039227120.1	2086	2124	0	True
0073	XP_039227120.1	2212	2232	0	True
#
0073	XP_039499946.1	1520	1861	0	True
0073	XP_039499946.1	1893	1927	0	True
0073	XP_039499946.1	2086	2124	0	True
0073	XP_039499946.1	2212	2232	0	True
#
0087	XP_026848749.1	0	25	0	True
0087	XP_026848749.1	25	46	1	True
0087	XP_026848749.1	46	49	0	True
0087	XP_026848749.1	49	51	1	False
0087	XP_026848749.1	51	55	0	False
0087	XP_026848749.1	55	262	1	True
0087	XP_026848749.1	262	344	0	True
0087	XP_026848749.1	344	453	1	True
0087	XP_026848749.1	453	544	0	True
#
0087	XP_032575032.1	0	25	1	True
0087	XP_032575032.1	25	50	0	True
#
0087	XP_016969686.2	0	46	0	True
0087	XP_016969686.2	46	140	1	True
0087	XP_016969686.2	140	147	0	False
0087	XP_016969686.2	147	262	1	True
0087	XP_016969686.2	262	344	0	True
0087	XP_016969686.2	344	370	1	True
0087	XP_016969686.2	370	377	0	False
0087	XP_016969686.2	377	421	1	True
0087	XP_016969686.2	421	424	0	False
0087	XP_016969686.2	424	453	1	True
0087	XP_016969686.2	453	544	0	True
#
0087	XP_016969686.2	775	1025	0	True
#
0087	XP_026848749.1	1568	1946	0	True
#
0167	XP_030241823.1	1623	1722	0	True
#
0167	XP_030241823.1	2107	2161	0	True
0167	XP_030241823.1	2161	2240	1	True
0167	XP_030241823.1	2240	2282	0	True
#
0167	XP_030241823.1	2306	2318	0	True
0167	XP_030241823.1	2318	2346	1	True
0167	XP_030241823.1	2346	2354	0	True
0167	XP_030241823.1	2354	2362	1	True
0167	XP_030241823.1	2362	2374	0	True
0167	XP_030241823.1	2374	2398	1	True
0167	XP_030241823.1	2398	2403	0	True
0167	XP_030241823.1	2403	2632	1	True
0167	XP_030241823.1	2632	2716	0	True
#
0167	XP_030241823.1	3450	3550	0	True
#
0178	XP_017108005.2	199	214	0	True
0178	XP_017108005.2	214	228	1	True
0178	XP_017108005.2	228	313	0	True
#
0178	XP_037717946.1	199	313	0	True
#
0178	XP_043071361.1	199	283	0	True
0178	XP_043071361.1	283	299	1	True
0178	XP_043071361.1	299	313	0	True
#
0178	XP_026840594.1	644	865	0	True
0178	XP_026840594.1	865	879	1	True
0178	XP_026840594.1	879	1114	0	True
#
0178	XP_032306372.1	644	1114	0	True
#
01E0	XP_032582261.1	0	2	0	True
01E0	XP_032582261.1	2	24	1	True
01E0	XP_032582261.1	24	180	0	True
#
01E0	XP_034124770.1	0	2	0	True
01E0	XP_034124770.1	2	31	1	True
01E0	XP_034124770.1	31	49	0	True
01E0	XP_034124770.1	49	101	1	True
01E0	XP_034124770.1	101	111	0	True
01E0	XP_034124770.1	111	128	1	True
01E0	XP_034124770.1	128	180	0	True
#
01E0	XP_032594235.1	0	18	0	True
01E0	XP_032594235.1	18	31	1	True
01E0	XP_032594235.1	31	41	0	True
01E0	XP_032594235.1	41	101	1	True
01E0	XP_032594235.1	101	180	0	True
#
01E0	XP_026848652.1	0	49	0	True
01E0	XP_026848652.1	49	58	1	True
01E0	XP_026848652.1	58	180	0	True
#
01E0	XP_016969330.1	190	237	0	True
01E0	XP_037725598.1	190	237	0	True
01E0	XP_039226023.1	190	237	0	True
#
01E0	XP_016969330.1	250	295	0	True
01E0	XP_037725598.1	250	295	0	True
01E0	XP_039226023.1	250	295	0	True
#
01E0	XP_034670631.1	537	593	0	True
#
01E0	FBpp0309520	659	705	0	True
01E0	XP_016993070.2	659	705	0	True
01E0	XP_017094418.2	659	705	0	True
01E0	XP_032594235.1	659	705	0	True
01E0	XP_034670631.1	659	705	0	True
#
01E0	FBpp0309520	788	834	0	True
01E0	XP_016993070.2	788	834	0	True
01E0	XP_017094418.2	788	834	0	True
01E0	XP_032594235.1	788	834	0	True
01E0	XP_034670631.1	788	834	0	True
#
01E0	FBpp0309520	987	1012	0	True
01E0	XP_016993070.2	987	1012	0	True
01E0	XP_017094418.2	987	1012	0	True
01E0	XP_032594235.1	987	1012	0	True
01E0	XP_034670631.1	987	1012	0	True
#
01E0	XP_032594235.1	1458	1491	0	True
01E0	XP_032594235.1	1491	1500	1	True
01E0	XP_032594235.1	1500	1623	0	True
#
01E0	XP_046867293.1	2343	2447	0	True
01E0	XP_046867293.1	2447	2478	1	True
01E0	XP_046867293.1	2478	2640	0	True
#
01E0	XP_032594235.1	2477	2515	0	True
01E0	XP_032594235.1	2515	2525	1	True
01E0	XP_032594235.1	2525	2658	0	True
01E0	XP_032594235.1	2658	2677	1	True
01E0	XP_032594235.1	2677	2744	0	True
#
022B	XP_034481302.1	1199	1576	0	True
022B	XP_043648847.1	1199	1576	0	True
#
0240	XP_017056034.2	153	446	0	True
0240	XP_017056034.2	446	479	1	True
0240	XP_017056034.2	479	715	0	True
#
0240	XP_034139169.1	153	610	0	True
0240	XP_034139169.1	610	643	1	True
0240	XP_034139169.1	643	715	0	True
#
0240	XP_020808311.1	153	715	0	True
#
0275	XP_016995150.2	800	933	0	True
0275	XP_016995150.2	933	954	1	True
0275	XP_016995150.2	954	964	0	True
0275	XP_016995150.2	964	997	1	True
0275	XP_016995150.2	997	1082	0	True
#
0275	XP_033238501.1	1186	1289	0	True
0275	XP_033238501.1	1289	1397	1	True
0275	XP_033238501.1	1397	1537	0	True
#
0275	XP_034654194.1	1813	2163	0	True
0275	XP_034654194.1	2163	2649	1	True
0275	XP_034654194.1	2649	2833	0	True
#
028D	XP_016974249.2	522	991	0	True
#
028D	XP_043866227.1	692	762	0	True
#
028D	XP_034481803.1	1293	1354	0	True
028D	XP_034481803.1	1354	1393	1	True
028D	XP_034481803.1	1393	1414	0	True
028D	XP_034481803.1	1414	1434	1	True
028D	XP_034481803.1	1434	1448	0	True
028D	XP_034481803.1	1448	1481	1	True
028D	XP_034481803.1	1481	1494	0	True
028D	XP_034481803.1	1494	1502	1	True
028D	XP_034481803.1	1502	1519	0	True
028D	XP_034481803.1	1519	1584	1	True
028D	XP_034481803.1	1584	1713	0	True
028D	XP_043866227.1	1293	1713	0	True
#
028D	XP_017016428.1	1519	1629	0	True
028D	XP_017016428.1	1629	1634	1	True
028D	XP_017016428.1	1634	1647	0	True
028D	XP_017016428.1	1647	1717	1	True
028D	XP_017016428.1	1717	1761	0	True
#
028D	XP_016974249.2	2433	2557	0	True
028D	XP_044251969.1	2433	2478	0	True
028D	XP_044251969.1	2478	2520	1	True
028D	XP_044251969.1	2520	2557	0	True
#
028D	XP_033161510.1	2591	2684	0	True
#
028D	XP_016974249.2	2709	2787	0	True
#
028D	XP_015043387.2	3103	3274	0	True
028D	XP_017016428.1	3103	3274	0	True
028D	XP_032309805.1	3103	3274	0	True
028D	XP_034120998.1	3103	3274	0	True
#
0310	XP_034649960.1	0	22	0	True
0310	XP_034649960.1	22	54	1	True
0310	XP_034649960.1	54	234	0	True
0310	XP_034649960.1	234	258	1	True
0310	XP_034649960.1	258	468	0	True
0310	XP_034649960.1	468	486	1	True
0310	XP_034649960.1	486	866	0	True
#
0310	XP_002101506.2	0	866	0	True
#
0311	XP_033235678.1	439	479	0	True
0311	XP_033235678.1	479	545	1	True
0311	XP_033235678.1	545	584	0	True
#
0311	XP_044315322.1	545	584	0	True
0311	XP_044315322.1	584	617	1	True
0311	XP_044315322.1	617	650	0	True
#
0311	XP_017029554.2	778	833	0	True
0311	XP_017029554.2	833	855	1	True
0311	XP_017029554.2	855	888	0	True
0311	XP_017029554.2	888	932	1	True
0311	XP_017029554.2	932	1130	0	True
0311	XP_017029554.2	1130	1141	1	True
0311	XP_017029554.2	1141	1174	0	True
0311	XP_017029554.2	1174	1229	1	True
0311	XP_017029554.2	1229	1262	0	True
#
0311	XP_017068547.2	778	833	0	True
0311	XP_017068547.2	833	932	1	True
0311	XP_017068547.2	932	1130	0	True
#
0311	XP_023031266.2	778	833	0	True
0311	XP_023031266.2	833	1031	1	True
0311	XP_023031266.2	1031	1130	0	True
#
0311	XP_030080412.1	778	833	0	True
0311	XP_030080412.1	833	903	1	True
0311	XP_030080412.1	903	1002	0	True
0311	XP_030080412.1	1002	1031	1	True
0311	XP_030080412.1	1031	1130	0	True
#
0311	XP_037712015.1	1031	1130	0	True
0311	XP_037712015.1	1130	1229	1	True
0311	XP_037712015.1	1229	1262	0	True
#
0311	XP_043065360.1	1230	1262	0	True
0311	XP_043065360.1	1262	1361	1	True
0311	XP_043065360.1	1361	1427	0	True
#
0311	XP_017029554.2	1362	1427	0	True
0311	XP_017029554.2	1427	1493	1	True
0311	XP_017029554.2	1493	1568	0	True
#
0311	XP_017068547.2	1493	1568	0	True
0311	XP_017068547.2	1568	1667	1	True
0311	XP_017068547.2	1667	1768	0	True
#
0311	XP_037712015.1	1493	1568	0	True
0311	XP_037712015.1	1568	1667	1	True
0311	XP_037712015.1	1667	1702	0	True
#
0311	XP_017029554.2	1667	1702	0	True
0311	XP_017029554.2	1702	1768	1	True
0311	XP_017029554.2	1768	1859	0	True
#
0311	XP_044250800.1	1984	2023	0	True
0311	XP_044250800.1	2023	2089	1	True
0311	XP_044250800.1	2089	2139	0	True
#
0311	XP_030242406.1	2501	2559	0	True
0311	XP_030242406.1	2559	2572	1	True
0311	XP_030242406.1	2572	2582	0	True
0311	XP_030242406.1	2582	2682	1	True
#
032B	XP_015042384.2	406	713	0	True
032B	XP_033171151.1	406	713	0	True
#
034C	XP_016951807.1	0	514	0	True
#
034C	XP_002134109.2	514	664	0	True
#
034C	XP_023037109.2	1265	1755	0	True
034C	XP_023037109.2	1755	1765	1	True
034C	XP_023037109.2	1765	1793	0	True
034C	XP_023037109.2	1793	1807	1	True
034C	XP_023037109.2	1807	1815	0	True
034C	XP_023037109.2	1815	1829	1	True
034C	XP_023037109.2	1829	1975	0	True
034C	XP_023037109.2	1975	1995	1	True
034C	XP_023037109.2	1995	2722	0	True
#
034C	XP_041566825.1	1430	1447	0	True
034C	XP_041566825.1	1447	1468	1	True
034C	XP_041566825.1	1468	1612	0	True
#
034C	XP_016951807.1	1430	1537	0	True
034C	XP_016951807.1	1537	1549	1	True
034C	XP_016951807.1	1549	1612	0	True
#
034C	XP_002134109.2	2541	2574	0	True
034C	XP_002134109.2	2574	2587	1	True
034C	XP_002134109.2	2587	2602	0	True
#
034C	XP_020805745.1	2602	2722	0	True
034C	XP_043661282.1	2602	2722	0	True
#
034C	XP_016951807.1	2722	2765	0	True
034C	XP_016951807.1	2765	2816	1	True
034C	XP_016951807.1	2816	2920	0	True
#
039F	XP_043066916.1	1867	2019	0	True
#
039F	XP_017040837.1	2019	2023	0	True
039F	XP_017040837.1	2023	2142	1	True
039F	XP_017040837.1	2142	2407	0	True
#
039F	XP_032293083.1	2019	2407	0	True
#
03E7	XP_039152736.1	682	827	0	True
03E7	XP_039152736.1	827	888	1	True
03E7	XP_039152736.1	888	976	0	True
#
03E7	XP_022223442.2	1201	1244	1	True
03E7	XP_022223442.2	1244	1315	0	True
03E7	XP_022223442.2	1315	1362	1	True
03E7	XP_022223442.2	1362	1373	0	True
03E7	XP_022223442.2	1373	1411	1	True
03E7	XP_022223442.2	1411	1571	0	True
#
03E7	XP_039152736.1	1252	1267	0	True
03E7	XP_039152736.1	1267	1307	1	True
03E7	XP_039152736.1	1307	1315	0	True
#
0430	XP_044317375.1	0	48	0	True
0430	XP_044317375.1	48	208	1	True
0430	XP_044317375.1	208	329	0	True
#
0430	XP_026837756.1	0	58	1	True
0430	XP_026837756.1	58	329	0	True
#
0430	XP_043062748.1	0	207	0	True
0430	XP_043062748.1	207	324	1	True
0430	XP_043062748.1	324	329	0	True
#
0430	FBpp0309863	0	329	0	True
0430	XP_033169924.1	0	329	0	True
#
07C3	XP_043071052.1	0	64	0	True
07C3	XP_043071052.1	64	167	1	True
07C3	XP_043071052.1	167	253	0	True
#
07C3	XP_020817947.1	0	65	1	True
07C3	XP_020817947.1	65	253	0	True
#
07C3	XP_032288889.1	0	95	0	True
07C3	XP_032288889.1	95	152	1	True
07C3	XP_032288889.1	152	253	0	True
#
07C3	XP_033239762.1	167	188	1	True
07C3	XP_033239762.1	188	250	0	True
07C3	XP_033239762.1	250	268	1	True
07C3	XP_033239762.1	268	323	0	True
07C3	XP_033239762.1	323	354	1	True
07C3	XP_033239762.1	354	364	0	True
07C3	XP_033239762.1	364	402	1	True
07C3	XP_033239762.1	402	416	0	True
07C3	XP_033239762.1	416	460	1	True
07C3	XP_033239762.1	460	525	0	True
#
07C3	XP_032589583.1	472	899	0	True
07C3	XP_032589583.1	899	952	1	True
07C3	XP_037726164.1	472	952	0	True
#
0920	XP_016037363.1	0	23	1	True
0920	XP_016037363.1	23	100	0	True
#
0920	XP_034670536.1	44	92	0	True
0920	XP_034670536.1	168	355	0	True
0920	XP_034670536.1	386	432	0	True
#
0920	XP_026846786.1	432	458	0	True
0920	XP_026846786.1	458	490	1	True
0920	XP_026846786.1	490	549	0	True
#
0F48	XP_016029007.2	0	231	0	True
0F48	XP_017123722.1	0	231	0	True
0F48	XP_037715472.1	0	231	0	True
#
1759	XP_041448395.1	949	1051	0	True
#
1759	XP_036677812.1	1139	1697	0	True
1759	XP_036677812.1	1697	2439	1	True
1759	XP_036677812.1	2439	2854	0	True
#
1759	XP_041448395.1	2341	2441	0	True
1759	XP_041448395.1	2441	2472	1	True
1759	XP_041448395.1	2472	2572	0	True
#
188E	XP_017047627.2	609	902	0	True
188E	XP_017047627.2	902	921	1	True
188E	XP_017047627.2	921	1533	0	True
#
1E46	XP_017125273.1	0	148	1	True
1E46	XP_017125273.1	148	368	0	True
#
1E46	XP_002058062.3	0	155	0	True
1E46	XP_002058062.3	155	368	1	True
1E46	XP_002058062.3	368	477	0	True
1E46	XP_002058062.3	477	529	1	True
1E46	XP_002058062.3	529	594	0	True
#
1E46	XP_037724770.1	670	691	0	True
1E46	XP_037724770.1	691	701	1	True
1E46	XP_037724770.1	701	716	0	True
1E46	XP_037724770.1	716	740	1	True
1E46	XP_037724770.1	740	811	0	True
#
1E46	XP_016924105.2	670	691	0	True
1E46	XP_016924105.2	691	701	1	True
1E46	XP_016924105.2	701	709	0	True
1E46	XP_016924105.2	709	729	1	True
1E46	XP_016924105.2	729	811	0	True
#
1E46	XP_001963825.3	811	850	0	True
1E46	XP_001963825.3	850	921	1	True
1E46	XP_001963825.3	921	960	0	True
1E46	XP_001963825.3	960	975	1	True
1E46	XP_001963825.3	975	980	0	True
#
1E46	XP_017093115.2	811	850	0	True
1E46	XP_017093115.2	850	884	1	True
1E46	XP_017093115.2	884	980	0	True
#
1E46	FBpp0303291	985	1209	0	True
1E46	XP_017050876.2	985	1209	0	True
1E46	XP_043867619.1	985	1209	0	True
#
1E46	XP_017125273.1	1425	1465	0	True
1E46	XP_017125273.1	1465	1480	1	True
1E46	XP_017125273.1	1480	1566	0	True
#
1E46	XP_043867619.1	1683	1978	0	True
1E46	XP_043867619.1	1978	2093	1	True
1E46	XP_043867619.1	2093	2353	0	True
1E46	XP_043867619.1	2353	2378	1	True
1E46	XP_043867619.1	2378	2489	0	True
#
1E46	XP_002058062.3	1978	2093	1	True
#
1E46	XP_034479221.1	2234	2293	0	True
1E46	XP_034479221.1	2293	2314	1	True
1E46	XP_034479221.1	2314	2322	0	True
1E46	XP_034479221.1	2322	2333	1	True
1E46	XP_034479221.1	2333	2353	0	True
#
1E46	XP_034479221.1	2378	2430	0	True
1E46	XP_034479221.1	2430	2489	1	True
1E46	XP_034479221.1	2489	2579	0	True
#
1E46	XP_016973503.2	2489	2515	0	True
1E46	XP_016973503.2	2515	2564	1	True
1E46	XP_016973503.2	2564	2579	0	True
1E46	XP_016973503.2	2579	2607	1	True
1E46	XP_016973503.2	2607	2695	0	True
#
1E46	XP_023168984.2	2762	2809	0	True
1E46	XP_023168984.2	2809	2849	1	True
1E46	XP_023168984.2	2849	2940	0	True
#
202C	XP_023162954.1	0	5	0	True
202C	XP_023162954.1	5	42	1	True
202C	XP_023162954.1	42	136	0	True
#
202C	XP_015016008.1	0	10	0	True
202C	XP_015016008.1	10	42	1	True
202C	XP_015016008.1	42	136	0	True
#
202C	XP_020797996.1	0	42	1	True
202C	XP_020797996.1	42	136	0	True
#
202C	XP_044779487.1	1032	1098	0	True
202C	XP_044779487.1	1098	1883	1	True
#
20A7	XP_032597952.1	0	11	1	False
20A7	XP_032597952.1	11	105	0	True
20A7	XP_032597952.1	105	135	1	True
20A7	XP_032597952.1	135	276	0	True
#
20A7	XP_017059067.1	0	12	1	False
20A7	XP_017059067.1	12	144	0	True
20A7	XP_017059067.1	144	188	1	True
20A7	XP_017059067.1	188	200	0	True
20A7	XP_017059067.1	200	221	1	True
20A7	XP_017059067.1	221	276	0	True
#
20A7	XP_020817860.1	0	12	0	True
20A7	XP_020817860.1	12	27	1	True
20A7	XP_020817860.1	27	102	0	True
#
20A7	XP_002085384.3	0	30	1	True
20A7	XP_002085384.3	30	163	0	True
20A7	XP_002085384.3	163	188	1	True
20A7	XP_002085384.3	188	203	0	True
20A7	XP_002085384.3	203	221	1	True
20A7	XP_002085384.3	221	276	0	True
#
20A7	XP_016975110.2	0	32	1	True
20A7	XP_016975110.2	32	102	0	True
#
20A7	XP_030568981.1	0	65	1	True
20A7	XP_030568981.1	65	102	0	True
#
20A7	XP_017957222.2	0	45	0	True
20A7	XP_017957222.2	45	103	1	True
20A7	XP_017957222.2	103	276	0	True
#
21E6	XP_016936329.2	39	319	0	True
21E6	XP_016936329.2	319	347	1	True
21E6	XP_016936329.2	347	352	0	True
21E6	XP_016936329.2	352	451	1	True
21E6	XP_016936329.2	451	472	0	True
#
21E6	XP_016966603.1	248	352	0	True
21E6	XP_016966603.1	385	451	1	True
21E6	XP_016966603.1	451	472	0	True
#
21E6	XP_023170626.2	452	492	0	True
21E6	XP_023170626.2	492	542	1	True
21E6	XP_023170626.2	542	610	0	True
21E6	XP_023170626.2	610	732	1	True
21E6	XP_023170626.2	732	808	0	True
21E6	XP_023170626.2	808	1064	1	True
21E6	XP_023170626.2	1064	1126	0	True
#
2238	XP_001354577.3	0	100	0	True
#
2238	XP_017114429.1	705	752	0	True
2238	XP_017114429.1	752	817	1	True
2238	XP_017114429.1	817	934	0	True
#
2238	XP_001354577.3	869	951	0	True
2238	XP_001354577.3	951	1009	1	True
2238	XP_001354577.3	1009	1107	0	True
2238	XP_002101453.1	869	1107	0	True
#
22A7	XP_016976085.2	135	341	0	True
22A7	XP_016996773.2	135	341	0	True
#
22F8	XP_017111612.2	0	155	0	True
22F8	XP_017111612.2	155	272	1	True
22F8	XP_017111612.2	272	298	0	True
#
22F8	XP_034124100.1	1	29	1	True
22F8	XP_034124100.1	29	35	0	False
22F8	XP_034124100.1	35	121	1	True
22F8	XP_034124100.1	121	129	0	True
22F8	XP_034124100.1	129	145	1	True
22F8	XP_034124100.1	145	263	0	True
22F8	XP_034124100.1	263	273	1	True
22F8	XP_034124100.1	273	298	0	True
#
22F8	XP_017111612.2	1012	1124	0	True
#
23DD	XP_002020902.2	546	752	0	True
23DD	XP_002020902.2	752	1332	1	True
#
2411	XP_033171464.1	1185	1228	0	True
2411	XP_033171464.1	1228	1277	1	False
2411	XP_033171464.1	1277	1363	0	True
#
2411	XP_034487332.1	1185	1261	0	True
2411	XP_034487332.1	1261	1288	1	False
2411	XP_034487332.1	1288	1363	0	True
#
2411	XP_034661218.1	1185	1216	0	True
2411	XP_034661218.1	1216	1248	1	False
2411	XP_034661218.1	1248	1363	0	True
#
2411	XP_039233806.1	1185	1228	0	True
2411	XP_039233806.1	1228	1277	1	False
2411	XP_039233806.1	1277	1363	0	True
#
2411	XP_039233806.1	1808	1932	0	True
#
2417	XP_017096177.2	0	52	1	True
2417	XP_017096177.2	52	119	0	True
#
2417	XP_043071933.1	242	253	1	True
2417	XP_043071933.1	253	263	0	True
2417	XP_043071933.1	263	280	1	True
2417	XP_043071933.1	280	310	0	True
#
2417	XP_030243831.1	589	663	0	True
2417	XP_043071933.1	589	614	0	True
2417	XP_043071933.1	614	648	1	True
2417	XP_043071933.1	648	663	0	True
#
2417	XP_017096177.2	648	677	0	True
2417	XP_017096177.2	677	698	1	True
2417	XP_017096177.2	698	738	0	True
2417	XP_044572957.1	648	677	0	True
2417	XP_044572957.1	677	703	1	True
2417	XP_044572957.1	703	738	0	True
#
2417	XP_043071933.1	1314	1401	0	True
2417	XP_043071933.1	1401	1417	1	True
2417	XP_043071933.1	1417	1465	0	True
#
2417	XP_043071933.1	1573	1657	0	True
2417	XP_043071933.1	1657	1689	1	True
2417	XP_043071933.1	1689	1787	0	True
#
2417	XP_043071933.1	1975	2040	0	True
2417	XP_043071933.1	2040	2050	1	True
2417	XP_043071933.1	2050	2087	0	True
2417	XP_043071933.1	2087	2108	1	True
2417	XP_043071933.1	2108	2239	0	True
#
2417	XP_043071933.1	2295	2459	0	True
2417	XP_043071933.1	2459	2489	1	True
2417	XP_043071933.1	2489	2551	0	True
2417	XP_043071933.1	2551	2560	1	True
2417	XP_043071933.1	2560	2596	0	True
2417	XP_043071933.1	2596	2611	1	True
2417	XP_043071933.1	2611	2624	0	True
#
2417	XP_020803813.1	3209	3314	0	True
2417	XP_020803813.1	3314	3411	1	True
2417	XP_020803813.1	3411	3544	0	True
#
2417	XP_043071933.1	3232	3263	0	True
2417	XP_043071933.1	3263	3288	1	True
2417	XP_043071933.1	3288	3314	0	True
#
2417	XP_043071933.1	3622	3638	0	True
2417	XP_043071933.1	3638	3653	1	True
2417	XP_043071933.1	3653	3722	0	True
2417	XP_043071933.1	3722	3760	1	True
2417	XP_043071933.1	3760	3854	0	True
#
248B	XP_043867030.1	0	100	0	True
248B	XP_044571140.1	0	100	0	True
#
248B	XP_041449131.1	126	423	0	True
#
26CF	XP_044778281.1	0	553	0	True
26CF	XP_044778281.1	553	1090	1	True
26CF	XP_044778281.1	1090	1190	0	True
#
26CF	XP_002001692.2	990	1090	0	True
26CF	XP_002001692.2	1090	1620	1	True
#
2768	XP_002062544.3	1802	1851	0	True
2768	XP_002062544.3	1851	1861	1	True
2768	XP_002062544.3	1861	1892	0	True
2768	XP_002062544.3	1892	1908	1	True
2768	XP_002062544.3	1908	1962	0	True
#
2770	XP_034663083.1	46	159	0	True
2770	XP_034663083.1	159	172	1	True
2770	XP_034663083.1	172	205	0	True
#
2770	XP_001999165.2	46	205	0	True
#
2770	XP_017031625.2	346	426	0	True
2770	XP_017031625.2	426	446	1	True
2770	XP_017031625.2	446	505	0	True
#
2770	XP_046865101.1	346	408	0	True
2770	XP_046865101.1	408	423	1	True
2770	XP_046865101.1	423	475	0	True
#
2770	XP_017009100.2	690	760	0	True
2770	XP_017009100.2	760	771	1	True
2770	XP_017009100.2	771	839	0	True
#
2770	XP_017009100.2	1392	1516	0	True
#
2770	XP_017031625.2	1601	1756	0	True
2770	XP_017031625.2	1756	1790	1	True
2770	XP_017031625.2	1790	1850	0	True
#
2770	XP_034126597.1	2248	2295	0	True
2770	XP_034126597.1	2295	2334	1	True
2770	XP_034126597.1	2334	2347	0	True
2770	XP_034126597.1	2347	2373	1	True
2770	XP_034126597.1	2373	2381	0	True
2770	XP_034126597.1	2381	2388	1	True
2770	XP_034126597.1	2388	2391	0	True
2770	XP_034126597.1	2391	2415	1	True
2770	XP_034126597.1	2415	2419	0	True
2770	XP_034126597.1	2419	2483	1	True
2770	XP_034126597.1	2483	2500	0	True
2770	XP_034126597.1	2500	2686	1	True
2770	XP_034126597.1	2686	2703	0	True
2770	XP_034126597.1	2703	2759	1	True
#
2793	XP_023169411.2	0	26	0	True
2793	XP_023169411.2	26	34	1	True
2793	XP_023169411.2	34	73	0	True
#
2793	XP_032587899.2	0	28	1	True
2793	XP_032587899.2	34	43	1	True
2793	XP_032587899.2	43	73	0	True
#
2793	XP_033170378.1	67	192	0	True
#
2793	XP_043658985.1	248	388	0	True
#
2793	XP_017055451.1	950	1436	0	True
2793	XP_036676168.1	950	1436	0	True
#
27B7	XP_037712326.1	0	49	1	True
27B7	XP_037712326.1	49	164	0	True
#
27B7	XP_046866497.1	579	759	0	True
#
27CB	XP_036669234.1	0	50	1	True
27CB	XP_036669234.1	50	177	0	True
#
27CB	XP_034139814.1	0	77	0	True
27CB	XP_034139814.1	77	177	1	True
27CB	XP_034139814.1	177	373	0	True
#
27F0	XP_022214859.2	0	358	0	True
27F0	XP_022214859.2	358	443	1	True
27F0	XP_022214859.2	443	1493	0	True
#
27F0	XP_020809287.1	0	424	0	True
27F0	XP_020809287.1	424	443	1	True
27F0	XP_020809287.1	443	1493	0	True
#
28AC	XP_030079108.1	0	22	1	True
28AC	XP_030079108.1	22	194	0	True
#
28AC	XP_041564727.1	0	57	0	True
28AC	XP_041564727.1	57	160	1	True
28AC	XP_041564727.1	160	194	0	True
#
28CD	XP_034489071.1	0	274	0	True
28CD	XP_037729142.1	0	274	0	True
#
28D2	XP_041451420.1	359	522	0	True
28D2	XP_041451420.1	522	532	1	True
28D2	XP_041451420.1	532	618	0	True
28D2	XP_041451420.1	618	641	1	True
28D2	XP_041451420.1	641	659	0	True
#
2A57	XP_016966932.1	0	1	0	True
2A57	XP_016966932.1	1	41	1	True
2A57	XP_016966932.1	41	119	0	True
2A57	XP_016966932.1	119	145	0	True
#
2A57	XP_041630993.1	0	4	0	True
2A57	XP_041630993.1	4	50	1	True
2A57	XP_041630993.1	50	152	0	True
2A57	XP_041630993.1	152	186	1	True
2A57	XP_041630993.1	186	220	0	True
#
2A57	XP_017112972.1	0	40	0	True
2A57	XP_017112972.1	40	103	1	True
2A57	XP_017112972.1	103	145	0	True
#
2A57	XP_032308241.1	0	50	0	True
2A57	XP_032308241.1	50	81	1	True
2A57	XP_032308241.1	81	145	0	True
#
2A57	XP_044252070.1	0	62	0	True
2A57	XP_044252070.1	62	83	1	True
2A57	XP_044252070.1	83	145	0	True
#
2A57	XP_037727791.1	0	77	0	True
2A57	XP_037727791.1	77	119	1	True
2A57	XP_037727791.1	119	220	0	True
#
2A57	XP_016986592.1	0	103	0	True
2A57	XP_016986592.1	103	119	1	True
2A57	XP_016986592.1	119	220	0	True
#
2A57	XP_043659509.1	0	116	0	True
2A57	XP_043659509.1	116	145	1	True
#
2A57	FBpp0288959	145	220	0	True
2A57	XP_016966932.1	145	220	0	True
#
2A57	XP_044252070.1	173	219	0	True
2A57	XP_044252070.1	219	334	1	True
2A57	XP_044252070.1	334	341	0	True
#
2A57	XP_036676028.1	173	304	0	True
2A57	XP_036676028.1	304	334	1	True
2A57	XP_036676028.1	334	341	0	True
#
2A57	XP_032308241.1	341	440	0	True
2A57	XP_032308241.1	440	477	1	True
2A57	XP_032308241.1	477	519	0	True
#
2A57	XP_030566014.1	666	991	0	True
2A57	XP_030566014.1	991	1129	1	True
2A57	XP_030566014.1	1129	1454	0	True
#
2B22	XP_032312076.1	0	49	0	True
2B22	XP_032312076.1	49	66	1	True
2B22	XP_032312076.1	66	105	0	True
#
2B22	XP_032312076.1	806	845	0	True
2B22	XP_032312076.1	845	854	1	True
2B22	XP_032312076.1	854	1060	0	True
2B22	XP_032312076.1	1060	1080	1	True
2B22	XP_032312076.1	1080	1481	0	True
#
2B22	XP_034661616.1	806	1481	0	True
#
2C8B	XP_032587781.2	674	743	0	True
2C8B	XP_032587781.2	743	907	1	True
2C8B	XP_032587781.2	907	997	0	True
#
2C8B	XP_026833808.1	1408	1536	0	True
2C8B	XP_026833808.1	1536	1635	1	True
2C8B	XP_026833808.1	1635	1658	0	True
#
2C8B	XP_016965619.1	1837	1895	0	True
2C8B	XP_016965619.1	1895	1976	1	True
2C8B	XP_016965619.1	1976	2008	0	True
#
2C8B	XP_030570172.1	1994	2008	0	True
2C8B	XP_030570172.1	2008	2029	1	True
2C8B	XP_030570172.1	2029	2131	0	True
2C8B	XP_030570172.1	2131	2171	1	True
2C8B	XP_030570172.1	2171	2204	0	True
#
2CA6	XP_034475029.1	0	17	0	True
2CA6	XP_034475029.1	17	56	1	True
2CA6	XP_034475029.1	56	93	0	True
#
2CA6	XP_017004053.2	3878	4429	0	True
#
2CA6	XP_030079239.1	4003	4208	0	True
2CA6	XP_030079239.1	4208	4366	1	True
2CA6	XP_030079239.1	4366	4429	0	True
#
2CD6	XP_043071440.1	0	4	0	True
2CD6	XP_043071440.1	4	22	1	True
2CD6	XP_043071440.1	22	71	0	True
#
2CD6	XP_037722503.1	0	22	0	True
2CD6	XP_037722503.1	22	237	0	True
2CD6	XP_037722503.1	237	292	1	True
2CD6	XP_037722503.1	292	328	0	True
#
2CD6	XP_033239936.1	0	124	0	True
2CD6	XP_033239936.1	124	177	1	True
2CD6	XP_033239936.1	177	186	0	True
2CD6	XP_033239936.1	186	212	1	True
2CD6	XP_033239936.1	212	328	0	True
#
2CD6	XP_034657495.1	0	186	0	True
2CD6	XP_034657495.1	186	212	1	True
2CD6	XP_034657495.1	212	328	0	True
#
2CD6	XP_015049745.1	0	237	0	True
2CD6	XP_015049745.1	237	292	1	True
2CD6	XP_015049745.1	292	328	0	True
#
2CD6	XP_046868038.1	1	22	1	True
2CD6	XP_046868038.1	22	71	0	True
#
2CD6	XP_016030433.2	292	330	0	True
2CD6	XP_016030433.2	330	352	1	True
2CD6	XP_016030433.2	352	502	0	True
2CD6	XP_046868038.1	292	502	0	True
#
2CD6	XP_002060023.2	565	574	0	True
2CD6	XP_002060023.2	574	586	1	True
2CD6	XP_002060023.2	586	724	0	True
2CD6	XP_002060023.2	724	793	1	True
2CD6	XP_002060023.2	793	867	0	True
2CD6	XP_017071683.2	574	673	0	True
2CD6	XP_017071683.2	673	725	1	True
2CD6	XP_017071683.2	725	867	0	True
#
2CD6	XP_016030433.2	798	868	0	True
2CD6	XP_016030433.2	868	897	1	True
2CD6	XP_016030433.2	897	948	0	True
#
2D2E	XP_039149067.1	0	168	1	True
2D2E	XP_039149067.1	168	424	0	True
#
2E2F	XP_026841288.1	264	315	0	True
2E2F	XP_026841288.1	315	337	1	True
2E2F	XP_026841288.1	337	350	0	True
#
2E2F	XP_026841288.1	504	824	0	True
2E2F	XP_034477217.1	504	824	0	True
2E2F	XP_044571222.1	504	824	0	True
#
2E2F	XP_016958029.1	824	973	0	True
2E2F	XP_033155992.1	824	973	0	True
2E2F	XP_044249105.1	824	973	0	True
#
2E2F	XP_034477217.1	974	1045	0	True
2E2F	XP_034477217.1	1045	1142	1	True
2E2F	XP_034477217.1	1142	1247	0	True
#
2E2F	XP_043066411.1	2183	2242	0	True
2E2F	XP_043066411.1	2242	2272	1	True
2E2F	XP_043066411.1	2272	2316	0	True
#
2EC0	XP_026837768.1	0	72	0	True
2EC0	XP_026837768.1	72	108	1	True
2EC0	XP_026837768.1	108	182	0	True
#
2EC0	XP_002067567.3	352	404	0	True
2EC0	XP_002067567.3	404	409	1	True
2EC0	XP_002067567.3	409	414	0	True
2EC0	XP_002067567.3	414	423	1	True
2EC0	XP_002067567.3	423	452	0	True
#
2FFF	XP_017953714.1	260	310	0	True
2FFF	XP_017953714.1	310	328	1	True
2FFF	XP_017953714.1	328	378	0	True
#
2FFF	XP_002054165.2	941	999	1	True
2FFF	XP_002054165.2	999	1903	0	True
#
2FFF	XP_017953714.1	1001	1903	0	True
#
3110	XP_020808837.1	2018	2165	0	True
3110	XP_020808837.1	2165	2248	1	True
3110	XP_020808837.1	2248	2307	0	True
#
3132	XP_034488830.1	0	10	1	False
3132	XP_034488830.1	10	32	0	True
3132	XP_034488830.1	32	57	1	True
3132	XP_034488830.1	57	77	0	True
#
3132	XP_017101864.2	0	35	1	True
3132	XP_017101864.2	35	77	0	True
#
3132	XP_017067210.2	0	57	1	True
3132	XP_017067210.2	57	77	0	True
#
3222	XP_020815443.1	0	31	1	True
3222	XP_020815443.1	31	359	0	True
#
3222	XP_032309367.1	0	359	0	True
#
3222	XP_023034324.1	507	578	0	True
3222	XP_023034324.1	578	587	1	True
3222	XP_023034324.1	587	594	0	True
3222	XP_023034324.1	594	602	1	True
3222	XP_023034324.1	602	695	0	True
#
3222	XP_032292257.1	1415	1437	0	True
3222	XP_032292257.1	1437	1509	1	True
3222	XP_032292257.1	1509	1571	0	True
#
3222	XP_020815443.1	1509	1571	0	True
3222	XP_020815443.1	1571	1647	1	True
#
32EE	XP_017058134.2	0	447	0	True
32EE	XP_017058134.2	447	724	1	True
32EE	XP_017058134.2	724	936	0	True
#
32EE	XP_043651481.1	0	447	0	True
#
32EE	XP_041630386.1	0	724	0	True
32EE	XP_041630386.1	724	754	1	True
32EE	XP_041630386.1	754	936	0	True
#
32EE	XP_001990105.2	0	110	0	True
32EE	XP_001990105.2	110	121	1	True
32EE	XP_001990105.2	121	142	0	True
32EE	XP_001990105.2	142	155	1	True
32EE	XP_001990105.2	155	753	0	True
32EE	XP_001990105.2	753	893	1	True
32EE	XP_001990105.2	893	936	0	True
#
34B7	XP_043946813.1	0	71	1	True
34B7	XP_043946813.1	71	151	0	True
#
34B7	XP_039151715.1	1284	1757	0	True
#
35D6	XP_001991316.2	0	1	0	True
35D6	XP_001991316.2	1	44	1	True
35D6	XP_001991316.2	44	111	0	True
#
35D6	XP_001991316.2	563	626	0	True
35D6	XP_001991316.2	626	637	1	True
35D6	XP_001991316.2	637	693	0	True
#
35D6	XP_043867373.1	778	883	0	True
35D6	XP_043867373.1	883	938	1	True
35D6	XP_043867373.1	938	1034	0	True
#
35D6	XP_043065751.1	1769	1875	0	True
35D6	XP_043065751.1	1875	2431	1	True
35D6	XP_043065751.1	2431	2787	0	True
#
35D6	XP_037725344.1	1776	1874	0	True
35D6	XP_037725344.1	1874	1917	1	True
35D6	XP_037725344.1	1917	1960	0	True
#
35D6	XP_001991316.2	2437	2457	0	True
#
35D6	XP_037725344.1	2527	2551	1	True
35D6	XP_037725344.1	2551	2577	0	True
35D6	XP_037725344.1	2577	2592	1	True
35D6	XP_037725344.1	2592	2615	0	True
35D6	XP_037725344.1	2615	2632	1	True
35D6	XP_037725344.1	2632	2672	0	True
35D6	XP_037725344.1	2672	2704	1	True
35D6	XP_037725344.1	2704	2787	0	True
#
35D6	XP_030568949.1	2633	2643	0	True
35D6	XP_030568949.1	2643	2656	1	True
35D6	XP_030568949.1	2656	2714	0	True
35D6	XP_030568949.1	2714	2721	1	True
35D6	XP_030568949.1	2721	2761	0	True
35D6	XP_030568949.1	2761	2767	1	True
35D6	XP_030568949.1	2767	2770	0	True
35D6	XP_030568949.1	2770	2777	1	True
35D6	XP_030568949.1	2777	2787	0	True
35D6	XP_030568949.1	2787	2878	1	True
35D6	XP_030568949.1	2878	2941	0	True
35D6	XP_030568949.1	2941	2958	1	True
35D6	XP_030568949.1	2958	2989	0	True
35D6	XP_030568949.1	2989	3046	1	True
35D6	XP_030568949.1	3046	3245	0	True
35D6	XP_030568949.1	3245	3302	1	True
#
35D6	XP_037725344.1	2878	2882	0	True
35D6	XP_037725344.1	2882	2901	1	True
35D6	XP_037725344.1	2901	3049	0	True
35D6	XP_037725344.1	3049	3061	1	True
35D6	XP_037725344.1	3061	3066	0	True
35D6	XP_037725344.1	3066	3086	1	True
35D6	XP_037725344.1	3086	3091	0	True
35D6	XP_037725344.1	3091	3139	1	True
35D6	XP_037725344.1	3139	3162	0	True
35D6	XP_037725344.1	3162	3302	1	True
#
35D6	XP_001991316.2	3140	3159	0	True
#
3AE4	XP_030079650.1	302	390	0	True
3AE4	XP_030079650.1	390	405	1	True
3AE4	XP_030079650.1	405	462	0	True
#
3AE4	XP_030079650.1	999	1209	0	True
3AE4	XP_032290833.1	999	1209	0	True
3AE4	XP_033161301.1	999	1209	0	True
#
3AE4	XP_041451045.1	1904	2095	0	True
3AE4	XP_041451045.1	2095	2134	1	True
3AE4	XP_041451045.1	2134	2236	0	True
#
3AE4	XP_030079650.1	3438	3458	0	True
3AE4	XP_030079650.1	3458	3494	1	True
3AE4	XP_030079650.1	3494	3512	0	True
#
3AE4	XP_041451045.1	3438	3512	0	True
3AE4	XP_041451045.1	3512	3592	1	True
3AE4	XP_041451045.1	3592	3655	0	True
#
3AE4	XP_030079650.1	4095	4129	0	True
3AE4	XP_030079650.1	4129	4153	1	True
3AE4	XP_030079650.1	4153	4226	0	True
3AE4	XP_030079650.1	4226	4239	1	True
3AE4	XP_030079650.1	4239	4266	0	True
#
3AE4	XP_041451045.1	4383	4452	0	True
3AE4	XP_041451045.1	4452	4496	1	True
#
3B02	XP_002106724.3	0	48	1	True
3B02	XP_002106724.3	48	199	0	True
#
3B02	XP_039500125.2	0	49	0	True
3B02	XP_039500125.2	49	69	1	True
3B02	XP_039500125.2	69	199	0	True
#
3B02	XP_043072007.1	0	68	0	True
3B02	XP_043072007.1	68	93	1	True
3B02	XP_043072007.1	93	227	0	True
#
3B02	XP_043072007.1	686	715	0	True
3B02	XP_043072007.1	715	727	1	True
3B02	XP_043072007.1	727	797	0	True
#
3B02	XP_039500125.2	950	982	0	True
3B02	XP_039500125.2	982	992	1	True
3B02	XP_039500125.2	992	1033	0	True
#
